Year,Period,%_Vol_Mean,%_GainLose_Mean
1996,Day,3.6991677008947343,0.6388037816225739
1996,Week,2.6678234312461337,4.28059917346406
1996,Month,5.154841955347269,7.750210121381719
