Year,Period,%_Vol_Mean,%_GainLose_Mean
1992,Day,1.032607856402044,-0.6153197125718625
1992,Week,2.0846129548684473,2.659511156988692
1992,Month,5.288556473893628,10.262122970372298
