Year,Period,%_Vol_Mean,%_GainLose_Mean
2004,Day,1.0256454063743985,1.0442333190510817
2004,Week,2.5642664882273474,5.16795034946659
2004,Month,4.965818933430883,8.409113400990263
