Year,Period,%_Vol_Mean,%_GainLose_Mean
2016,Day,1.8607596524379213,2.029704497179005
2016,Week,4.588763548899472,5.255476517031863
2016,Month,6.939387139305172,4.3562977262898785
