Year,Period,%_Vol_Mean,%_GainLose_Mean
2008,Day,3.363789694090211,-1.56998492509896
2008,Week,6.784961031782128,0.37832849136150526
2008,Month,17.00117799408117,-34.32368339349502
