Year,Period,%_Vol_Mean,%_GainLose_Mean
2000,Day,1.548080175260647,-0.41287792480383395
2000,Week,3.36258456115667,-1.4036862545559101
2000,Month,8.192330743271853,0.6930637296176437
